id	demo_id	content	user_id	created_at	updated_at	deleted_at
1	5	We support you!	1	2025-01-11 00:18:16	2025-01-11 00:39:49	NULL
2	5	頑張ってください！	1	2025-01-11 01:31:57	2025-01-11 01:31:57	NULL
3	5	寄付金送ります！	1	2025-01-11 01:36:03	2025-01-11 01:36:03	NULL
4	5	一緒に頑張りましょう	1	2025-01-12 15:09:41	2025-01-12 15:09:41	NULL
6	8	私も参加します！	1	2025-01-18 15:24:57	2025-01-18 15:24:57	NULL
7	5	ついでに海の掃除しましょか	1	2025-02-22 01:23:10	2025-02-22 01:23:10	NULL
8	5	APIテスト	1	2025-02-24 17:11:54	2025-02-24 17:11:54	NULL
9	5	APIテスト2	1	2025-02-24 21:24:36	2025-02-24 21:24:36	NULL
10	5	APIテスト3	1	2025-02-24 21:40:41	2025-02-24 21:40:41	NULL
11	5	APIテスト4	1	2025-02-24 21:42:36	2025-02-24 21:42:36	NULL
12	5	APIテスト5	1	2025-05-29 11:07:16	2025-05-29 11:07:16	NULL
13	5	APIテスト6だよ	1	2025-06-04 17:05:50	2025-06-04 17:05:50	NULL
14	5	APIテスト7	1	2025-06-04 18:02:10	2025-06-04 18:02:10	NULL
15	5	あはは	1	2025-06-07 16:49:37	2025-06-07 16:49:37	NULL
16	5	へへへ	1	2025-06-08 02:50:54	2025-06-08 02:50:54	NULL
17	5	てすと	1	2025-06-10 08:58:16	2025-06-10 08:58:16	NULL
19	5	Test3	10	2025-06-12 00:01:04	2025-06-12 00:01:04	NULL
20	5	ユーザープロフィール画像追加テスト	10	2025-06-12 20:58:12	2025-06-12 20:58:12	NULL
21	5	私も基地に反対です！今後の将来を担う子供達に負の遺産を残さないためにも私たちの代でケリをつけましょう！戦争だめ絶対！！！	10	2025-06-12 21:10:57	2025-06-12 21:10:57	NULL
22	5	Webからのコメントです	2	2025-08-14 02:28:24	2025-08-14 02:28:24	NULL
