id	demo_id	user_id	created_at	updated_at	deleted_at
6	1	10	2025-07-01 00:54:15	2025-07-01 00:54:15	NULL
7	3	10	2025-07-01 01:45:32	2025-07-01 01:45:32	NULL
8	5	10	2025-07-01 02:12:12	2025-07-01 02:12:12	NULL
9	2	10	2025-07-05 22:08:42	2025-07-05 22:08:42	NULL
10	32	13	2025-07-06 02:35:40	2025-07-06 02:35:40	NULL
11	32	23	2025-07-20 21:55:05	2025-07-20 21:55:05	NULL
12	34	23	2025-08-12 01:07:26	2025-08-12 01:07:26	NULL
13	39	1	2025-10-05 18:58:27	2025-10-05 18:58:27	NULL
17	28	1	2025-10-05 19:14:13	2025-10-05 19:14:13	NULL
18	29	1	2025-10-05 19:25:37	2025-10-05 19:25:37	NULL
20	8	1	2025-10-05 19:31:09	2025-10-05 19:31:09	NULL
21	14	1	2025-10-05 19:42:45	2025-10-05 19:42:45	NULL
22	26	1	2025-10-05 19:44:51	2025-10-05 19:44:51	NULL
24	5	1	2025-11-01 23:49:04	2025-11-01 23:49:04	NULL
